[
  {
    "countryCode": "AD",
    "countryName": "Andorra",
    "currencyCode": "EUR",
    "population": 84000,
    "capital": "Andorra la Vella",
    "continentName": "Europe",
    "continent": "EU",
    "areaInSqKm": 468,
    "languages": "ca",
    "geonameId": "3041565"
  },
  {
    "countryCode": "AE",
    "countryName": "United Arab Emirates",
    "currencyCode": "AED",
    "population": 4975593,
    "capital": "Abu Dhabi",
    "continentName": "Asia",
    "continent": "AS",
    "areaInSqKm": 82880,
    "languages": "ar-AE,fa,en,hi,ur",
    "geonameId": "290557"
  },
  {
    "countryCode": "AF",
    "countryName": "Afghanistan",
    "currencyCode": "AFN",
    "population": 29121286,
    "capital": "Kabul",
    "continentName": "Asia",
    "continent": "AS",
    "areaInSqKm": 647500,
    "languages": "fa-AF,ps,uz-AF,tk",
    "geonameId": "1149361"
  },
  {
    "countryCode": "AG",
    "countryName": "Antigua and Barbuda",
    "currencyCode": "XCD",
    "population": 86754,
    "capital": "St. John's",
    "continentName": "North America",
    "continent": "NA",
    "areaInSqKm": 443,
    "languages": "en-AG",
    "geonameId": "3576396"
  },
  {
    "countryCode": "AL",
    "countryName": "Albania",
    "currencyCode": "ALL",
    "population": 2986952,
    "capital": "Tirana",
    "continentName": "Europe",
    "continent": "EU",
    "areaInSqKm": 28748,
    "languages": "sq,el",
    "geonameId": "783754"
  },
  {
    "countryCode": "AM",
    "countryName": "Armenia",
    "currencyCode": "AMD",
    "population": 2968000,
    "capital": "Yerevan",
    "continentName": "Asia",
    "continent": "AS",
    "areaInSqKm": 29800,
    "languages": "hy",
    "geonameId": "174982"
  },
  {
    "countryCode": "AO",
    "countryName": "Angola",
    "currencyCode": "AOA",
    "population": 13068161,
    "capital": "Luanda",
    "continentName": "Africa",
    "continent": "AF",
    "areaInSqKm": 1246700,
    "languages": "pt-AO",
    "geonameId": "3351879"
  },
  {
    "countryCode": "AR",
    "countryName": "Argentina",
    "currencyCode": "ARS",
    "population": 41343201,
    "capital": "Buenos Aires",
    "continentName": "South America",
    "continent": "SA",
    "areaInSqKm": 2766890,
    "languages": "es-AR,en,it,de,fr,gn",
    "geonameId": "3865483"
  },
  {
    "countryCode": "AT",
    "countryName": "Austria",
    "currencyCode": "EUR",
    "population": 8205000,
    "capital": "Vienna",
    "continentName": "Europe",
    "continent": "EU",
    "areaInSqKm": 83858,
    "languages": "de-AT,hr,hu,sl",
    "geonameId": "2782113"
  },
  {
    "countryCode": "AU",
    "countryName": "Australia",
    "currencyCode": "AUD",
    "population": 21515754,
    "capital": "Canberra",
    "continentName": "Oceania",
    "continent": "OC",
    "areaInSqKm": 7686850,
    "languages": "en-AU",
    "geonameId": "2077456"
  },
  {
    "countryCode": "AZ",
    "countryName": "Azerbaijan",
    "currencyCode": "AZN",
    "population": 8303512,
    "capital": "Baku",
    "continentName": "Asia",
    "continent": "AS",
    "areaInSqKm": 86600,
    "languages": "az,ru,hy",
    "geonameId": "587116"
  },
  {
    "countryCode": "BA",
    "countryName": "Bosnia and Herzegovina",
    "currencyCode": "BAM",
    "population": 4590000,
    "capital": "Sarajevo",
    "continentName": "Europe",
    "continent": "EU",
    "areaInSqKm": 51129,
    "languages": "bs,hr-BA,sr-BA",
    "geonameId": "3277605"
  },
  {
    "countryCode": "BB",
    "countryName": "Barbados",
    "currencyCode": "BBD",
    "population": 285653,
    "capital": "Bridgetown",
    "continentName": "North America",
    "continent": "NA",
    "areaInSqKm": 431,
    "languages": "en-BB",
    "geonameId": "3374084"
  },
  {
    "countryCode": "BD",
    "countryName": "Bangladesh",
    "currencyCode": "BDT",
    "population": 156118464,
    "capital": "Dhaka",
    "continentName": "Asia",
    "continent": "AS",
    "areaInSqKm": 144000,
    "languages": "bn-BD,en",
    "geonameId": "1210997"
  },
  {
    "countryCode": "BE",
    "countryName": "Belgium",
    "currencyCode": "EUR",
    "population": 10403000,
    "capital": "Brussels",
    "continentName": "Europe",
    "continent": "EU",
    "areaInSqKm": 30510,
    "languages": "nl-BE,fr-BE,de-BE",
    "geonameId": "2802361"
  },
  {
    "countryCode": "BF",
    "countryName": "Burkina Faso",
    "currencyCode": "XOF",
    "population": 16241811,
    "capital": "Ouagadougou",
    "continentName": "Africa",
    "continent": "AF",
    "areaInSqKm": 274200,
    "languages": "fr-BF",
    "geonameId": "2361809"
  },
  {
    "countryCode": "BG",
    "countryName": "Bulgaria",
    "currencyCode": "BGN",
    "population": 7148785,
    "capital": "Sofia",
    "continentName": "Europe",
    "continent": "EU",
    "areaInSqKm": 110910,
    "languages": "bg,tr-BG,rom",
    "geonameId": "732800"
  },
  {
    "countryCode": "BH",
    "countryName": "Bahrain",
    "currencyCode": "BHD",
    "population": 738004,
    "capital": "Manama",
    "continentName": "Asia",
    "continent": "AS",
    "areaInSqKm": 665,
    "languages": "ar-BH,en,fa,ur",
    "geonameId": "290291"
  },
  {
    "countryCode": "BI",
    "countryName": "Burundi",
    "currencyCode": "BIF",
    "population": 9863117,
    "capital": "Bujumbura",
    "continentName": "Africa",
    "continent": "AF",
    "areaInSqKm": 27830,
    "languages": "fr-BI,rn",
    "geonameId": "433561"
  },
  {
    "countryCode": "BJ",
    "countryName": "Benin",
    "currencyCode": "XOF",
    "population": 9056010,
    "capital": "Porto-Novo",
    "continentName": "Africa",
    "continent": "AF",
    "areaInSqKm": 112620,
    "languages": "fr-BJ",
    "geonameId": "2395170"
  },
  {
    "countryCode": "BN",
    "countryName": "Brunei",
    "currencyCode": "BND",
    "population": 395027,
    "capital": "Bandar Seri Begawan",
    "continentName": "Asia",
    "continent": "AS",
    "areaInSqKm": 5770,
    "languages": "ms-BN,en-BN",
    "geonameId": "1820814"
  },
  {
    "countryCode": "BO",
    "countryName": "Bolivia",
    "currencyCode": "BOB",
    "population": 9947418,
    "capital": "Sucre",
    "continentName": "South America",
    "continent": "SA",
    "areaInSqKm": 1098580,
    "languages": "es-BO,qu,ay",
    "geonameId": "3923057"
  },
  {
    "countryCode": "BR",
    "countryName": "Brazil",
    "currencyCode": "BRL",
    "population": 201103330,
    "capital": "Brasília",
    "continentName": "South America",
    "continent": "SA",
    "areaInSqKm": 8511965,
    "languages": "pt-BR,es,en,fr",
    "geonameId": "3469034"
  },
  {
    "countryCode": "BS",
    "countryName": "Bahamas",
    "currencyCode": "BSD",
    "population": 301790,
    "capital": "Nassau",
    "continentName": "North America",
    "continent": "NA",
    "areaInSqKm": 13940,
    "languages": "en-BS",
    "geonameId": "3572887"
  },
  {
    "countryCode": "BT",
    "countryName": "Bhutan",
    "currencyCode": "BTN",
    "population": 699847,
    "capital": "Thimphu",
    "continentName": "Asia",
    "continent": "AS",
    "areaInSqKm": 47000,
    "languages": "dz",
    "geonameId": "1252634"
  },
  {
    "countryCode": "BW",
    "countryName": "Botswana",
    "currencyCode": "BWP",
    "population": 2029307,
    "capital": "Gaborone",
    "continentName": "Africa",
    "continent": "AF",
    "areaInSqKm": 600370,
    "languages": "en-BW,tn-BW",
    "geonameId": "933860"
  },
  {
    "countryCode": "BY",
    "countryName": "Belarus",
    "currencyCode": "BYR",
    "population": 9685000,
    "capital": "Minsk",
    "continentName": "Europe",
    "continent": "EU",
    "areaInSqKm": 207600,
    "languages": "be,ru",
    "geonameId": "630336"
  },
  {
    "countryCode": "BZ",
    "countryName": "Belize",
    "currencyCode": "BZD",
    "population": 314522,
    "capital": "Belmopan",
    "continentName": "North America",
    "continent": "NA",
    "areaInSqKm": 22966,
    "languages": "en-BZ,es",
    "geonameId": "3582678"
  },
  {
    "countryCode": "CA",
    "countryName": "Canada",
    "currencyCode": "CAD",
    "population": 33679000,
    "capital": "Ottawa",
    "continentName": "North America",
    "continent": "NA",
    "areaInSqKm": 9984670,
    "languages": "en-CA,fr-CA,iu",
    "geonameId": "6251999"
  },
  {
    "countryCode": "CD",
    "countryName": "Democratic Republic of the Congo",
    "currencyCode": "CDF",
    "population": 70916439,
    "capital": "Kinshasa",
    "continentName": "Africa",
    "continent": "AF",
    "areaInSqKm": 2345410,
    "languages": "fr-CD,ln,kg",
    "geonameId": "203312"
  },
  {
    "countryCode": "CF",
    "countryName": "Central African Republic",
    "currencyCode": "XAF",
    "population": 4844927,
    "capital": "Bangui",
    "continentName": "Africa",
    "continent": "AF",
    "areaInSqKm": 622984,
    "languages": "fr-CF,sg,ln,kg",
    "geonameId": "239880"
  },
  {
    "countryCode": "CG",
    "countryName": "Republic of the Congo",
    "currencyCode": "XAF",
    "population": 3039126,
    "capital": "Brazzaville",
    "continentName": "Africa",
    "continent": "AF",
    "areaInSqKm": 342000,
    "languages": "fr-CG,kg,ln-CG",
    "geonameId": "2260494"
  },
  {
    "countryCode": "CH",
    "countryName": "Switzerland",
    "currencyCode": "CHF",
    "population": 7581000,
    "capital": "Berne",
    "continentName": "Europe",
    "continent": "EU",
    "areaInSqKm": 41290,
    "languages": "de-CH,fr-CH,it-CH,rm",
    "geonameId": "2658434"
  },
  {
    "countryCode": "CI",
    "countryName": "Ivory Coast",
    "currencyCode": "XOF",
    "population": 21058798,
    "capital": "Yamoussoukro",
    "continentName": "Africa",
    "continent": "AF",
    "areaInSqKm": 322460,
    "languages": "fr-CI",
    "geonameId": "2287781"
  },
  {
    "countryCode": "CL",
    "countryName": "Chile",
    "currencyCode": "CLP",
    "population": 16746491,
    "capital": "Santiago",
    "continentName": "South America",
    "continent": "SA",
    "areaInSqKm": 756950,
    "languages": "es-CL",
    "geonameId": "3895114"
  },
  {
    "countryCode": "CM",
    "countryName": "Cameroon",
    "currencyCode": "XAF",
    "population": 19294149,
    "capital": "Yaoundé",
    "continentName": "Africa",
    "continent": "AF",
    "areaInSqKm": 475440,
    "languages": "en-CM,fr-CM",
    "geonameId": "2233387"
  },
  {
    "countryCode": "CN",
    "countryName": "China",
    "currencyCode": "CNY",
    "population": 1330044000,
    "capital": "Beijing",
    "continentName": "Asia",
    "continent": "AS",
    "areaInSqKm": 9596960,
    "languages": "zh-CN,yue,wuu,dta,ug,za",
    "geonameId": "1814991"
  },
  {
    "countryCode": "CO",
    "countryName": "Colombia",
    "currencyCode": "COP",
    "population": 47790000,
    "capital": "Bogotá",
    "continentName": "South America",
    "continent": "SA",
    "areaInSqKm": 1138910,
    "languages": "es-CO",
    "geonameId": "3686110"
  },
  {
    "countryCode": "CR",
    "countryName": "Costa Rica",
    "currencyCode": "CRC",
    "population": 4516220,
    "capital": "San José",
    "continentName": "North America",
    "continent": "NA",
    "areaInSqKm": 51100,
    "languages": "es-CR,en",
    "geonameId": "3624060"
  },
  {
    "countryCode": "CU",
    "countryName": "Cuba",
    "currencyCode": "CUP",
    "population": 11423000,
    "capital": "Havana",
    "continentName": "North America",
    "continent": "NA",
    "areaInSqKm": 110860,
    "languages": "es-CU",
    "geonameId": "3562981"
  },
  {
    "countryCode": "CV",
    "countryName": "Cape Verde",
    "currencyCode": "CVE",
    "population": 508659,
    "capital": "Praia",
    "continentName": "Africa",
    "continent": "AF",
    "areaInSqKm": 4033,
    "languages": "pt-CV",
    "geonameId": "3374766"
  },
  {
    "countryCode": "CY",
    "countryName": "Cyprus",
    "currencyCode": "EUR",
    "population": 1102677,
    "capital": "Nicosia",
    "continentName": "Europe",
    "continent": "EU",
    "areaInSqKm": 9250,
    "languages": "el-CY,tr-CY,en",
    "geonameId": "146669"
  },
  {
    "countryCode": "CZ",
    "countryName": "Czech Republic",
    "currencyCode": "CZK",
    "population": 10476000,
    "capital": "Prague",
    "continentName": "Europe",
    "continent": "EU",
    "areaInSqKm": 78866,
    "languages": "cs,sk",
    "geonameId": "3077311"
  },
  {
    "countryCode": "DE",
    "countryName": "Germany",
    "currencyCode": "EUR",
    "population": 81802257,
    "capital": "Berlin",
    "continentName": "Europe",
    "continent": "EU",
    "areaInSqKm": 357021,
    "languages": "de",
    "geonameId": "2921044"
  },
  {
    "countryCode": "DJ",
    "countryName": "Djibouti",
    "currencyCode": "DJF",
    "population": 740528,
    "capital": "Djibouti",
    "continentName": "Africa",
    "continent": "AF",
    "areaInSqKm": 23000,
    "languages": "fr-DJ,ar,so-DJ,aa",
    "geonameId": "223816"
  },
  {
    "countryCode": "DK",
    "countryName": "Denmark",
    "currencyCode": "DKK",
    "population": 5484000,
    "capital": "Copenhagen",
    "continentName": "Europe",
    "continent": "EU",
    "areaInSqKm": 43094,
    "languages": "da-DK,en,fo,de-DK",
    "geonameId": "2623032"
  },
  {
    "countryCode": "DM",
    "countryName": "Dominica",
    "currencyCode": "XCD",
    "population": 72813,
    "capital": "Roseau",
    "continentName": "North America",
    "continent": "NA",
    "areaInSqKm": 754,
    "languages": "en-DM",
    "geonameId": "3575830"
  },
  {
    "countryCode": "DO",
    "countryName": "Dominican Republic",
    "currencyCode": "DOP",
    "population": 9823821,
    "capital": "Santo Domingo",
    "continentName": "North America",
    "continent": "NA",
    "areaInSqKm": 48730,
    "languages": "es-DO",
    "geonameId": "3508796"
  },
  {
    "countryCode": "DZ",
    "countryName": "Algeria",
    "currencyCode": "DZD",
    "population": 34586184,
    "capital": "Algiers",
    "continentName": "Africa",
    "continent": "AF",
    "areaInSqKm": 2381740,
    "languages": "ar-DZ",
    "geonameId": "2589581"
  },
  {
    "countryCode": "EC",
    "countryName": "Ecuador",
    "currencyCode": "USD",
    "population": 14790608,
    "capital": "Quito",
    "continentName": "South America",
    "continent": "SA",
    "areaInSqKm": 283560,
    "languages": "es-EC",
    "geonameId": "3658394"
  },
  {
    "countryCode": "EE",
    "countryName": "Estonia",
    "currencyCode": "EUR",
    "population": 1291170,
    "capital": "Tallinn",
    "continentName": "Europe",
    "continent": "EU",
    "areaInSqKm": 45226,
    "languages": "et,ru",
    "geonameId": "453733"
  },
  {
    "countryCode": "EG",
    "countryName": "Egypt",
    "currencyCode": "EGP",
    "population": 80471869,
    "capital": "Cairo",
    "continentName": "Africa",
    "continent": "AF",
    "areaInSqKm": 1001450,
    "languages": "ar-EG,en,fr",
    "geonameId": "357994"
  },
  {
    "countryCode": "EH",
    "countryName": "Western Sahara",
    "currencyCode": "MAD",
    "population": 273008,
    "capital": "El Aaiún",
    "continentName": "Africa",
    "continent": "AF",
    "areaInSqKm": 266000,
    "languages": "ar,mey",
    "geonameId": "2461445"
  },
  {
    "countryCode": "ER",
    "countryName": "Eritrea",
    "currencyCode": "ERN",
    "population": 5792984,
    "capital": "Asmara",
    "continentName": "Africa",
    "continent": "AF",
    "areaInSqKm": 121320,
    "languages": "aa-ER,ar,tig,kun,ti-ER",
    "geonameId": "338010"
  },
  {
    "countryCode": "ES",
    "countryName": "Spain",
    "currencyCode": "EUR",
    "population": 46505963,
    "capital": "Madrid",
    "continentName": "Europe",
    "continent": "EU",
    "areaInSqKm": 504782,
    "languages": "es-ES,ca,gl,eu,oc",
    "geonameId": "2510769"
  },
  {
    "countryCode": "ET",
    "countryName": "Ethiopia",
    "currencyCode": "ETB",
    "population": 88013491,
    "capital": "Addis Ababa",
    "continentName": "Africa",
    "continent": "AF",
    "areaInSqKm": 1127127,
    "languages": "am,en-ET,om-ET,ti-ET,so-ET,sid",
    "geonameId": "337996"
  },
  {
    "countryCode": "FI",
    "countryName": "Finland",
    "currencyCode": "EUR",
    "population": 5244000,
    "capital": "Helsinki",
    "continentName": "Europe",
    "continent": "EU",
    "areaInSqKm": 337030,
    "languages": "fi-FI,sv-FI,smn",
    "geonameId": "660013"
  },
  {
    "countryCode": "FJ",
    "countryName": "Fiji",
    "currencyCode": "FJD",
    "population": 875983,
    "capital": "Suva",
    "continentName": "Oceania",
    "continent": "OC",
    "areaInSqKm": 18270,
    "languages": "en-FJ,fj",
    "geonameId": "2205218"
  },
  {
    "countryCode": "FM",
    "countryName": "Micronesia",
    "currencyCode": "USD",
    "population": 107708,
    "capital": "Palikir",
    "continentName": "Oceania",
    "continent": "OC",
    "areaInSqKm": 702,
    "languages": "en-FM,chk,pon,yap,kos,uli,woe,nkr,kpg",
    "geonameId": "2081918"
  },
  {
    "countryCode": "FR",
    "countryName": "France",
    "currencyCode": "EUR",
    "population": 64768389,
    "capital": "Paris",
    "continentName": "Europe",
    "continent": "EU",
    "areaInSqKm": 547030,
    "languages": "fr-FR,frp,br,co,ca,eu,oc",
    "geonameId": "3017382"
  },
  {
    "countryCode": "GA",
    "countryName": "Gabon",
    "currencyCode": "XAF",
    "population": 1545255,
    "capital": "Libreville",
    "continentName": "Africa",
    "continent": "AF",
    "areaInSqKm": 267667,
    "languages": "fr-GA",
    "geonameId": "2400553"
  },
  {
    "countryCode": "GB",
    "countryName": "United Kingdom",
    "currencyCode": "GBP",
    "population": 62348447,
    "capital": "London",
    "continentName": "Europe",
    "continent": "EU",
    "areaInSqKm": 244820,
    "languages": "en-GB,cy-GB,gd",
    "geonameId": "2635167"
  },
  {
    "countryCode": "GD",
    "countryName": "Grenada",
    "currencyCode": "XCD",
    "population": 107818,
    "capital": "St. George's",
    "continentName": "North America",
    "continent": "NA",
    "areaInSqKm": 344,
    "languages": "en-GD",
    "geonameId": "3580239"
  },
  {
    "countryCode": "GE",
    "countryName": "Georgia",
    "currencyCode": "GEL",
    "population": 4630000,
    "capital": "Tbilisi",
    "continentName": "Asia",
    "continent": "AS",
    "areaInSqKm": 69700,
    "languages": "ka,ru,hy,az",
    "geonameId": "614540"
  },
  {
    "countryCode": "GH",
    "countryName": "Ghana",
    "currencyCode": "GHS",
    "population": 24339838,
    "capital": "Accra",
    "continentName": "Africa",
    "continent": "AF",
    "areaInSqKm": 239460,
    "languages": "en-GH,ak,ee,tw",
    "geonameId": "2300660"
  },
  {
    "countryCode": "GM",
    "countryName": "Gambia",
    "currencyCode": "GMD",
    "population": 1593256,
    "capital": "Banjul",
    "continentName": "Africa",
    "continent": "AF",
    "areaInSqKm": 11300,
    "languages": "en-GM,mnk,wof,wo,ff",
    "geonameId": "2413451"
  },
  {
    "countryCode": "GN",
    "countryName": "Guinea",
    "currencyCode": "GNF",
    "population": 10324025,
    "capital": "Conakry",
    "continentName": "Africa",
    "continent": "AF",
    "areaInSqKm": 245857,
    "languages": "fr-GN",
    "geonameId": "2420477"
  },
  {
    "countryCode": "GQ",
    "countryName": "Equatorial Guinea",
    "currencyCode": "XAF",
    "population": 1014999,
    "capital": "Malabo",
    "continentName": "Africa",
    "continent": "AF",
    "areaInSqKm": 28051,
    "languages": "es-GQ,fr",
    "geonameId": "2309096"
  },
  {
    "countryCode": "GR",
    "countryName": "Greece",
    "currencyCode": "EUR",
    "population": 11000000,
    "capital": "Athens",
    "continentName": "Europe",
    "continent": "EU",
    "areaInSqKm": 131940,
    "languages": "el-GR,en,fr",
    "geonameId": "390903"
  },
  {
    "countryCode": "GT",
    "countryName": "Guatemala",
    "currencyCode": "GTQ",
    "population": 13550440,
    "capital": "Guatemala City",
    "continentName": "North America",
    "continent": "NA",
    "areaInSqKm": 108890,
    "languages": "es-GT",
    "geonameId": "3595528"
  },
  {
    "countryCode": "GW",
    "countryName": "Guinea-Bissau",
    "currencyCode": "XOF",
    "population": 1565126,
    "capital": "Bissau",
    "continentName": "Africa",
    "continent": "AF",
    "areaInSqKm": 36120,
    "languages": "pt-GW,pov",
    "geonameId": "2372248"
  },
  {
    "countryCode": "GY",
    "countryName": "Guyana",
    "currencyCode": "GYD",
    "population": 748486,
    "capital": "Georgetown",
    "continentName": "South America",
    "continent": "SA",
    "areaInSqKm": 214970,
    "languages": "en-GY",
    "geonameId": "3378535"
  },
  {
    "countryCode": "HN",
    "countryName": "Honduras",
    "currencyCode": "HNL",
    "population": 7989415,
    "capital": "Tegucigalpa",
    "continentName": "North America",
    "continent": "NA",
    "areaInSqKm": 112090,
    "languages": "es-HN",
    "geonameId": "3608932"
  },
  {
    "countryCode": "HR",
    "countryName": "Croatia",
    "currencyCode": "HRK",
    "population": 4491000,
    "capital": "Zagreb",
    "continentName": "Europe",
    "continent": "EU",
    "areaInSqKm": 56542,
    "languages": "hr-HR,sr",
    "geonameId": "3202326"
  },
  {
    "countryCode": "HT",
    "countryName": "Haiti",
    "currencyCode": "HTG",
    "population": 9648924,
    "capital": "Port-au-Prince",
    "continentName": "North America",
    "continent": "NA",
    "areaInSqKm": 27750,
    "languages": "ht,fr-HT",
    "geonameId": "3723988"
  },
  {
    "countryCode": "HU",
    "countryName": "Hungary",
    "currencyCode": "HUF",
    "population": 9982000,
    "capital": "Budapest",
    "continentName": "Europe",
    "continent": "EU",
    "areaInSqKm": 93030,
    "languages": "hu-HU",
    "geonameId": "719819"
  },
  {
    "countryCode": "ID",
    "countryName": "Indonesia",
    "currencyCode": "IDR",
    "population": 242968342,
    "capital": "Jakarta",
    "continentName": "Asia",
    "continent": "AS",
    "areaInSqKm": 1919440,
    "languages": "id,en,nl,jv",
    "geonameId": "1643084"
  },
  {
    "countryCode": "IE",
    "countryName": "Ireland",
    "currencyCode": "EUR",
    "population": 4622917,
    "capital": "Dublin",
    "continentName": "Europe",
    "continent": "EU",
    "areaInSqKm": 70280,
    "languages": "en-IE,ga-IE",
    "geonameId": "2963597"
  },
  {
    "countryCode": "IL",
    "countryName": "Israel",
    "currencyCode": "ILS",
    "population": 7353985,
    "capital": "",
    "continentName": "Asia",
    "continent": "AS",
    "areaInSqKm": 20770,
    "languages": "he,ar-IL,en-IL,",
    "geonameId": "294640"
  },
  {
    "countryCode": "IN",
    "countryName": "India",
    "currencyCode": "INR",
    "population": 1173108018,
    "capital": "New Delhi",
    "continentName": "Asia",
    "continent": "AS",
    "areaInSqKm": 3287590,
    "languages": "en-IN,hi,bn,te,mr,ta,ur,gu,kn,ml,or,pa,as,bh,sat,ks,ne,sd,kok,doi,mni,sit,sa,fr,lus,inc",
    "geonameId": "1269750"
  },
  {
    "countryCode": "IQ",
    "countryName": "Iraq",
    "currencyCode": "IQD",
    "population": 29671605,
    "capital": "Baghdad",
    "continentName": "Asia",
    "continent": "AS",
    "areaInSqKm": 437072,
    "languages": "ar-IQ,ku,hy",
    "geonameId": "99237"
  },
  {
    "countryCode": "IR",
    "countryName": "Iran",
    "currencyCode": "IRR",
    "population": 76923300,
    "capital": "Tehran",
    "continentName": "Asia",
    "continent": "AS",
    "areaInSqKm": 1648000,
    "languages": "fa-IR,ku",
    "geonameId": "130758"
  },
  {
    "countryCode": "IS",
    "countryName": "Iceland",
    "currencyCode": "ISK",
    "population": 308910,
    "capital": "Reykjavik",
    "continentName": "Europe",
    "continent": "EU",
    "areaInSqKm": 103000,
    "languages": "is,en,de,da,sv,no",
    "geonameId": "2629691"
  },
  {
    "countryCode": "IT",
    "countryName": "Italy",
    "currencyCode": "EUR",
    "population": 60340328,
    "capital": "Rome",
    "continentName": "Europe",
    "continent": "EU",
    "areaInSqKm": 301230,
    "languages": "it-IT,de-IT,fr-IT,sc,ca,co,sl",
    "geonameId": "3175395"
  },
  {
    "countryCode": "JM",
    "countryName": "Jamaica",
    "currencyCode": "JMD",
    "population": 2847232,
    "capital": "Kingston",
    "continentName": "North America",
    "continent": "NA",
    "areaInSqKm": 10991,
    "languages": "en-JM",
    "geonameId": "3489940"
  },
  {
    "countryCode": "JO",
    "countryName": "Jordan",
    "currencyCode": "JOD",
    "population": 6407085,
    "capital": "Amman",
    "continentName": "Asia",
    "continent": "AS",
    "areaInSqKm": 92300,
    "languages": "ar-JO,en",
    "geonameId": "248816"
  },
  {
    "countryCode": "JP",
    "countryName": "Japan",
    "currencyCode": "JPY",
    "population": 127288000,
    "capital": "Tokyo",
    "continentName": "Asia",
    "continent": "AS",
    "areaInSqKm": 377835,
    "languages": "ja",
    "geonameId": "1861060"
  },
  {
    "countryCode": "KE",
    "countryName": "Kenya",
    "currencyCode": "KES",
    "population": 40046566,
    "capital": "Nairobi",
    "continentName": "Africa",
    "continent": "AF",
    "areaInSqKm": 582650,
    "languages": "en-KE,sw-KE",
    "geonameId": "192950"
  },
  {
    "countryCode": "KG",
    "countryName": "Kyrgyzstan",
    "currencyCode": "KGS",
    "population": 5776500,
    "capital": "Bishkek",
    "continentName": "Asia",
    "continent": "AS",
    "areaInSqKm": 198500,
    "languages": "ky,uz,ru",
    "geonameId": "1527747"
  },
  {
    "countryCode": "KH",
    "countryName": "Cambodia",
    "currencyCode": "KHR",
    "population": 14453680,
    "capital": "Phnom Penh",
    "continentName": "Asia",
    "continent": "AS",
    "areaInSqKm": 181040,
    "languages": "km,fr,en",
    "geonameId": "1831722"
  },
  {
    "countryCode": "KI",
    "countryName": "Kiribati",
    "currencyCode": "AUD",
    "population": 92533,
    "capital": "Tarawa",
    "continentName": "Oceania",
    "continent": "OC",
    "areaInSqKm": 811,
    "languages": "en-KI,gil",
    "geonameId": "4030945"
  },
  {
    "countryCode": "KM",
    "countryName": "Comoros",
    "currencyCode": "KMF",
    "population": 773407,
    "capital": "Moroni",
    "continentName": "Africa",
    "continent": "AF",
    "areaInSqKm": 2170,
    "languages": "ar,fr-KM",
    "geonameId": "921929"
  },
  {
    "countryCode": "KN",
    "countryName": "Saint Kitts and Nevis",
    "currencyCode": "XCD",
    "population": 51134,
    "capital": "Basseterre",
    "continentName": "North America",
    "continent": "NA",
    "areaInSqKm": 261,
    "languages": "en-KN",
    "geonameId": "3575174"
  },
  {
    "countryCode": "KP",
    "countryName": "North Korea",
    "currencyCode": "KPW",
    "population": 22912177,
    "capital": "Pyongyang",
    "continentName": "Asia",
    "continent": "AS",
    "areaInSqKm": 120540,
    "languages": "ko-KP",
    "geonameId": "1873107"
  },
  {
    "countryCode": "KR",
    "countryName": "South Korea",
    "currencyCode": "KRW",
    "population": 48422644,
    "capital": "Seoul",
    "continentName": "Asia",
    "continent": "AS",
    "areaInSqKm": 98480,
    "languages": "ko-KR,en",
    "geonameId": "1835841"
  },
  {
    "countryCode": "KW",
    "countryName": "Kuwait",
    "currencyCode": "KWD",
    "population": 2789132,
    "capital": "Kuwait City",
    "continentName": "Asia",
    "continent": "AS",
    "areaInSqKm": 17820,
    "languages": "ar-KW,en",
    "geonameId": "285570"
  },
  {
    "countryCode": "KZ",
    "countryName": "Kazakhstan",
    "currencyCode": "KZT",
    "population": 15340000,
    "capital": "Astana",
    "continentName": "Asia",
    "continent": "AS",
    "areaInSqKm": 2717300,
    "languages": "kk,ru",
    "geonameId": "1522867"
  },
  {
    "countryCode": "LA",
    "countryName": "Laos",
    "currencyCode": "LAK",
    "population": 6368162,
    "capital": "Vientiane",
    "continentName": "Asia",
    "continent": "AS",
    "areaInSqKm": 236800,
    "languages": "lo,fr,en",
    "geonameId": "1655842"
  },
  {
    "countryCode": "LB",
    "countryName": "Lebanon",
    "currencyCode": "LBP",
    "population": 4125247,
    "capital": "Beirut",
    "continentName": "Asia",
    "continent": "AS",
    "areaInSqKm": 10400,
    "languages": "ar-LB,fr-LB,en,hy",
    "geonameId": "272103"
  },
  {
    "countryCode": "LC",
    "countryName": "Saint Lucia",
    "currencyCode": "XCD",
    "population": 160922,
    "capital": "Castries",
    "continentName": "North America",
    "continent": "NA",
    "areaInSqKm": 616,
    "languages": "en-LC",
    "geonameId": "3576468"
  },
  {
    "countryCode": "LI",
    "countryName": "Liechtenstein",
    "currencyCode": "CHF",
    "population": 35000,
    "capital": "Vaduz",
    "continentName": "Europe",
    "continent": "EU",
    "areaInSqKm": 160,
    "languages": "de-LI",
    "geonameId": "3042058"
  },
  {
    "countryCode": "LK",
    "countryName": "Sri Lanka",
    "currencyCode": "LKR",
    "population": 21513990,
    "capital": "Colombo",
    "continentName": "Asia",
    "continent": "AS",
    "areaInSqKm": 65610,
    "languages": "si,ta,en",
    "geonameId": "1227603"
  },
  {
    "countryCode": "LR",
    "countryName": "Liberia",
    "currencyCode": "LRD",
    "population": 3685076,
    "capital": "Monrovia",
    "continentName": "Africa",
    "continent": "AF",
    "areaInSqKm": 111370,
    "languages": "en-LR",
    "geonameId": "2275384"
  },
  {
    "countryCode": "LS",
    "countryName": "Lesotho",
    "currencyCode": "LSL",
    "population": 1919552,
    "capital": "Maseru",
    "continentName": "Africa",
    "continent": "AF",
    "areaInSqKm": 30355,
    "languages": "en-LS,st,zu,xh",
    "geonameId": "932692"
  },
  {
    "countryCode": "LT",
    "countryName": "Lithuania",
    "currencyCode": "EUR",
    "population": 2944459,
    "capital": "Vilnius",
    "continentName": "Europe",
    "continent": "EU",
    "areaInSqKm": 65200,
    "languages": "lt,ru,pl",
    "geonameId": "597427"
  },
  {
    "countryCode": "LU",
    "countryName": "Luxembourg",
    "currencyCode": "EUR",
    "population": 497538,
    "capital": "Luxembourg",
    "continentName": "Europe",
    "continent": "EU",
    "areaInSqKm": 2586,
    "languages": "lb,de-LU,fr-LU",
    "geonameId": "2960313"
  },
  {
    "countryCode": "LV",
    "countryName": "Latvia",
    "currencyCode": "EUR",
    "population": 2217969,
    "capital": "Riga",
    "continentName": "Europe",
    "continent": "EU",
    "areaInSqKm": 64589,
    "languages": "lv,ru,lt",
    "geonameId": "458258"
  },
  {
    "countryCode": "LY",
    "countryName": "Libya",
    "currencyCode": "LYD",
    "population": 6461454,
    "capital": "Tripoli",
    "continentName": "Africa",
    "continent": "AF",
    "areaInSqKm": 1759540,
    "languages": "ar-LY,it,en",
    "geonameId": "2215636"
  },
  {
    "countryCode": "MA",
    "countryName": "Morocco",
    "currencyCode": "MAD",
    "population": 31627428,
    "capital": "Rabat",
    "continentName": "Africa",
    "continent": "AF",
    "areaInSqKm": 446550,
    "languages": "ar-MA,fr",
    "geonameId": "2542007"
  },
  {
    "countryCode": "MC",
    "countryName": "Monaco",
    "currencyCode": "EUR",
    "population": 32965,
    "capital": "Monaco",
    "continentName": "Europe",
    "continent": "EU",
    "areaInSqKm": 1.95,
    "languages": "fr-MC,en,it",
    "geonameId": "2993457"
  },
  {
    "countryCode": "MD",
    "countryName": "Moldova",
    "currencyCode": "MDL",
    "population": 4324000,
    "capital": "Chişinău",
    "continentName": "Europe",
    "continent": "EU",
    "areaInSqKm": 33843,
    "languages": "ro,ru,gag,tr",
    "geonameId": "617790"
  },
  {
    "countryCode": "ME",
    "countryName": "Montenegro",
    "currencyCode": "EUR",
    "population": 666730,
    "capital": "Podgorica",
    "continentName": "Europe",
    "continent": "EU",
    "areaInSqKm": 14026,
    "languages": "sr,hu,bs,sq,hr,rom",
    "geonameId": "3194884"
  },
  {
    "countryCode": "MG",
    "countryName": "Madagascar",
    "currencyCode": "MGA",
    "population": 21281844,
    "capital": "Antananarivo",
    "continentName": "Africa",
    "continent": "AF",
    "areaInSqKm": 587040,
    "languages": "fr-MG,mg",
    "geonameId": "1062947"
  },
  {
    "countryCode": "MH",
    "countryName": "Marshall Islands",
    "currencyCode": "USD",
    "population": 65859,
    "capital": "Majuro",
    "continentName": "Oceania",
    "continent": "OC",
    "areaInSqKm": 181.3,
    "languages": "mh,en-MH",
    "geonameId": "2080185"
  },
  {
    "countryCode": "MK",
    "countryName": "Macedonia",
    "currencyCode": "MKD",
    "population": 2062294,
    "capital": "Skopje",
    "continentName": "Europe",
    "continent": "EU",
    "areaInSqKm": 25333,
    "languages": "mk,sq,tr,rmm,sr",
    "geonameId": "718075"
  },
  {
    "countryCode": "ML",
    "countryName": "Mali",
    "currencyCode": "XOF",
    "population": 13796354,
    "capital": "Bamako",
    "continentName": "Africa",
    "continent": "AF",
    "areaInSqKm": 1240000,
    "languages": "fr-ML,bm",
    "geonameId": "2453866"
  },
  {
    "countryCode": "MM",
    "countryName": "Myanmar [Burma]",
    "currencyCode": "MMK",
    "population": 53414374,
    "capital": "Nay Pyi Taw",
    "continentName": "Asia",
    "continent": "AS",
    "areaInSqKm": 678500,
    "languages": "my",
    "geonameId": "1327865"
  },
  {
    "countryCode": "MN",
    "countryName": "Mongolia",
    "currencyCode": "MNT",
    "population": 3086918,
    "capital": "Ulan Bator",
    "continentName": "Asia",
    "continent": "AS",
    "areaInSqKm": 1565000,
    "languages": "mn,ru",
    "geonameId": "2029969"
  },
  {
    "countryCode": "MR",
    "countryName": "Mauritania",
    "currencyCode": "MRO",
    "population": 3205060,
    "capital": "Nouakchott",
    "continentName": "Africa",
    "continent": "AF",
    "areaInSqKm": 1030700,
    "languages": "ar-MR,fuc,snk,fr,mey,wo",
    "geonameId": "2378080"
  },
  {
    "countryCode": "MT",
    "countryName": "Malta",
    "currencyCode": "EUR",
    "population": 403000,
    "capital": "Valletta",
    "continentName": "Europe",
    "continent": "EU",
    "areaInSqKm": 316,
    "languages": "mt,en-MT",
    "geonameId": "2562770"
  },
  {
    "countryCode": "MU",
    "countryName": "Mauritius",
    "currencyCode": "MUR",
    "population": 1294104,
    "capital": "Port Louis",
    "continentName": "Africa",
    "continent": "AF",
    "areaInSqKm": 2040,
    "languages": "en-MU,bho,fr",
    "geonameId": "934292"
  },
  {
    "countryCode": "MV",
    "countryName": "Maldives",
    "currencyCode": "MVR",
    "population": 395650,
    "capital": "Malé",
    "continentName": "Asia",
    "continent": "AS",
    "areaInSqKm": 300,
    "languages": "dv,en",
    "geonameId": "1282028"
  },
  {
    "countryCode": "MW",
    "countryName": "Malawi",
    "currencyCode": "MWK",
    "population": 15447500,
    "capital": "Lilongwe",
    "continentName": "Africa",
    "continent": "AF",
    "areaInSqKm": 118480,
    "languages": "ny,yao,tum,swk",
    "geonameId": "927384"
  },
  {
    "countryCode": "MX",
    "countryName": "Mexico",
    "currencyCode": "MXN",
    "population": 112468855,
    "capital": "Mexico City",
    "continentName": "North America",
    "continent": "NA",
    "areaInSqKm": 1972550,
    "languages": "es-MX",
    "geonameId": "3996063"
  },
  {
    "countryCode": "MY",
    "countryName": "Malaysia",
    "currencyCode": "MYR",
    "population": 28274729,
    "capital": "Kuala Lumpur",
    "continentName": "Asia",
    "continent": "AS",
    "areaInSqKm": 329750,
    "languages": "ms-MY,en,zh,ta,te,ml,pa,th",
    "geonameId": "1733045"
  },
  {
    "countryCode": "MZ",
    "countryName": "Mozambique",
    "currencyCode": "MZN",
    "population": 22061451,
    "capital": "Maputo",
    "continentName": "Africa",
    "continent": "AF",
    "areaInSqKm": 801590,
    "languages": "pt-MZ,vmw",
    "geonameId": "1036973"
  },
  {
    "countryCode": "NA",
    "countryName": "Namibia",
    "currencyCode": "NAD",
    "population": 2128471,
    "capital": "Windhoek",
    "continentName": "Africa",
    "continent": "AF",
    "areaInSqKm": 825418,
    "languages": "en-NA,af,de,hz,naq",
    "geonameId": "3355338"
  },
  {
    "countryCode": "NE",
    "countryName": "Niger",
    "currencyCode": "XOF",
    "population": 15878271,
    "capital": "Niamey",
    "continentName": "Africa",
    "continent": "AF",
    "areaInSqKm": 1267000,
    "languages": "fr-NE,ha,kr,dje",
    "geonameId": "2440476"
  },
  {
    "countryCode": "NG",
    "countryName": "Nigeria",
    "currencyCode": "NGN",
    "population": 154000000,
    "capital": "Abuja",
    "continentName": "Africa",
    "continent": "AF",
    "areaInSqKm": 923768,
    "languages": "en-NG,ha,yo,ig,ff",
    "geonameId": "2328926"
  },
  {
    "countryCode": "NI",
    "countryName": "Nicaragua",
    "currencyCode": "NIO",
    "population": 5995928,
    "capital": "Managua",
    "continentName": "North America",
    "continent": "NA",
    "areaInSqKm": 129494,
    "languages": "es-NI,en",
    "geonameId": "3617476"
  },
  {
    "countryCode": "NL",
    "countryName": "Netherlands",
    "currencyCode": "EUR",
    "population": 16645000,
    "capital": "Amsterdam",
    "continentName": "Europe",
    "continent": "EU",
    "areaInSqKm": 41526,
    "languages": "nl-NL,fy-NL",
    "geonameId": "2750405"
  },
  {
    "countryCode": "NO",
    "countryName": "Norway",
    "currencyCode": "NOK",
    "population": 5009150,
    "capital": "Oslo",
    "continentName": "Europe",
    "continent": "EU",
    "areaInSqKm": 324220,
    "languages": "no,nb,nn,se,fi",
    "geonameId": "3144096"
  },
  {
    "countryCode": "NP",
    "countryName": "Nepal",
    "currencyCode": "NPR",
    "population": 28951852,
    "capital": "Kathmandu",
    "continentName": "Asia",
    "continent": "AS",
    "areaInSqKm": 140800,
    "languages": "ne,en",
    "geonameId": "1282988"
  },
  {
    "countryCode": "NR",
    "countryName": "Nauru",
    "currencyCode": "AUD",
    "population": 10065,
    "capital": "",
    "continentName": "Oceania",
    "continent": "OC",
    "areaInSqKm": 21,
    "languages": "na,en-NR",
    "geonameId": "2110425"
  },
  {
    "countryCode": "NZ",
    "countryName": "New Zealand",
    "currencyCode": "NZD",
    "population": 4252277,
    "capital": "Wellington",
    "continentName": "Oceania",
    "continent": "OC",
    "areaInSqKm": 268680,
    "languages": "en-NZ,mi",
    "geonameId": "2186224"
  },
  {
    "countryCode": "OM",
    "countryName": "Oman",
    "currencyCode": "OMR",
    "population": 2967717,
    "capital": "Muscat",
    "continentName": "Asia",
    "continent": "AS",
    "areaInSqKm": 212460,
    "languages": "ar-OM,en,bal,ur",
    "geonameId": "286963"
  },
  {
    "countryCode": "PA",
    "countryName": "Panama",
    "currencyCode": "PAB",
    "population": 3410676,
    "capital": "Panama City",
    "continentName": "North America",
    "continent": "NA",
    "areaInSqKm": 78200,
    "languages": "es-PA,en",
    "geonameId": "3703430"
  },
  {
    "countryCode": "PE",
    "countryName": "Peru",
    "currencyCode": "PEN",
    "population": 29907003,
    "capital": "Lima",
    "continentName": "South America",
    "continent": "SA",
    "areaInSqKm": 1285220,
    "languages": "es-PE,qu,ay",
    "geonameId": "3932488"
  },
  {
    "countryCode": "PG",
    "countryName": "Papua New Guinea",
    "currencyCode": "PGK",
    "population": 6064515,
    "capital": "Port Moresby",
    "continentName": "Oceania",
    "continent": "OC",
    "areaInSqKm": 462840,
    "languages": "en-PG,ho,meu,tpi",
    "geonameId": "2088628"
  },
  {
    "countryCode": "PH",
    "countryName": "Philippines",
    "currencyCode": "PHP",
    "population": 99900177,
    "capital": "Manila",
    "continentName": "Asia",
    "continent": "AS",
    "areaInSqKm": 300000,
    "languages": "tl,en-PH,fil",
    "geonameId": "1694008"
  },
  {
    "countryCode": "PK",
    "countryName": "Pakistan",
    "currencyCode": "PKR",
    "population": 184404791,
    "capital": "Islamabad",
    "continentName": "Asia",
    "continent": "AS",
    "areaInSqKm": 803940,
    "languages": "ur-PK,en-PK,pa,sd,ps,brh",
    "geonameId": "1168579"
  },
  {
    "countryCode": "PL",
    "countryName": "Poland",
    "currencyCode": "PLN",
    "population": 38500000,
    "capital": "Warsaw",
    "continentName": "Europe",
    "continent": "EU",
    "areaInSqKm": 312685,
    "languages": "pl",
    "geonameId": "798544"
  },
  {
    "countryCode": "PT",
    "countryName": "Portugal",
    "currencyCode": "EUR",
    "population": 10676000,
    "capital": "Lisbon",
    "continentName": "Europe",
    "continent": "EU",
    "areaInSqKm": 92391,
    "languages": "pt-PT,mwl",
    "geonameId": "2264397"
  },
  {
    "countryCode": "PW",
    "countryName": "Palau",
    "currencyCode": "USD",
    "population": 19907,
    "capital": "Melekeok - Palau State Capital",
    "continentName": "Oceania",
    "continent": "OC",
    "areaInSqKm": 458,
    "languages": "pau,sov,en-PW,tox,ja,fil,zh",
    "geonameId": "1559582"
  },
  {
    "countryCode": "PY",
    "countryName": "Paraguay",
    "currencyCode": "PYG",
    "population": 6375830,
    "capital": "Asunción",
    "continentName": "South America",
    "continent": "SA",
    "areaInSqKm": 406750,
    "languages": "es-PY,gn",
    "geonameId": "3437598"
  },
  {
    "countryCode": "QA",
    "countryName": "Qatar",
    "currencyCode": "QAR",
    "population": 840926,
    "capital": "Doha",
    "continentName": "Asia",
    "continent": "AS",
    "areaInSqKm": 11437,
    "languages": "ar-QA,es",
    "geonameId": "289688"
  },
  {
    "countryCode": "RO",
    "countryName": "Romania",
    "currencyCode": "RON",
    "population": 21959278,
    "capital": "Bucharest",
    "continentName": "Europe",
    "continent": "EU",
    "areaInSqKm": 237500,
    "languages": "ro,hu,rom",
    "geonameId": "798549"
  },
  {
    "countryCode": "RS",
    "countryName": "Serbia",
    "currencyCode": "RSD",
    "population": 7344847,
    "capital": "Belgrade",
    "continentName": "Europe",
    "continent": "EU",
    "areaInSqKm": 88361,
    "languages": "sr,hu,bs,rom",
    "geonameId": "6290252"
  },
  {
    "countryCode": "RU",
    "countryName": "Russia",
    "currencyCode": "RUB",
    "population": 140702000,
    "capital": "Moscow",
    "continentName": "Europe",
    "continent": "EU",
    "areaInSqKm": 17100000,
    "languages": "ru,tt,xal,cau,ady,kv,ce,tyv,cv,udm,tut,mns,bua,myv,mdf,chm,ba,inh,tut,kbd,krc,ava,sah,nog",
    "geonameId": "2017370"
  },
  {
    "countryCode": "RW",
    "countryName": "Rwanda",
    "currencyCode": "RWF",
    "population": 11055976,
    "capital": "Kigali",
    "continentName": "Africa",
    "continent": "AF",
    "areaInSqKm": 26338,
    "languages": "rw,en-RW,fr-RW,sw",
    "geonameId": "49518"
  },
  {
    "countryCode": "SA",
    "countryName": "Saudi Arabia",
    "currencyCode": "SAR",
    "population": 25731776,
    "capital": "Riyadh",
    "continentName": "Asia",
    "continent": "AS",
    "areaInSqKm": 1960582,
    "languages": "ar-SA",
    "geonameId": "102358"
  },
  {
    "countryCode": "SB",
    "countryName": "Solomon Islands",
    "currencyCode": "SBD",
    "population": 559198,
    "capital": "Honiara",
    "continentName": "Oceania",
    "continent": "OC",
    "areaInSqKm": 28450,
    "languages": "en-SB,tpi",
    "geonameId": "2103350"
  },
  {
    "countryCode": "SC",
    "countryName": "Seychelles",
    "currencyCode": "SCR",
    "population": 88340,
    "capital": "Victoria",
    "continentName": "Africa",
    "continent": "AF",
    "areaInSqKm": 455,
    "languages": "en-SC,fr-SC",
    "geonameId": "241170"
  },
  {
    "countryCode": "SD",
    "countryName": "Sudan",
    "currencyCode": "SDG",
    "population": 35000000,
    "capital": "Khartoum",
    "continentName": "Africa",
    "continent": "AF",
    "areaInSqKm": 1861484,
    "languages": "ar-SD,en,fia",
    "geonameId": "366755"
  },
  {
    "countryCode": "SE",
    "countryName": "Sweden",
    "currencyCode": "SEK",
    "population": 9555893,
    "capital": "Stockholm",
    "continentName": "Europe",
    "continent": "EU",
    "areaInSqKm": 449964,
    "languages": "sv-SE,se,sma,fi-SE",
    "geonameId": "2661886"
  },
  {
    "countryCode": "SG",
    "countryName": "Singapore",
    "currencyCode": "SGD",
    "population": 4701069,
    "capital": "Singapore",
    "continentName": "Asia",
    "continent": "AS",
    "areaInSqKm": 692.7,
    "languages": "cmn,en-SG,ms-SG,ta-SG,zh-SG",
    "geonameId": "1880251"
  },
  {
    "countryCode": "SI",
    "countryName": "Slovenia",
    "currencyCode": "EUR",
    "population": 2007000,
    "capital": "Ljubljana",
    "continentName": "Europe",
    "continent": "EU",
    "areaInSqKm": 20273,
    "languages": "sl,sh",
    "geonameId": "3190538"
  },
  {
    "countryCode": "SK",
    "countryName": "Slovakia",
    "currencyCode": "EUR",
    "population": 5455000,
    "capital": "Bratislava",
    "continentName": "Europe",
    "continent": "EU",
    "areaInSqKm": 48845,
    "languages": "sk,hu",
    "geonameId": "3057568"
  },
  {
    "countryCode": "SL",
    "countryName": "Sierra Leone",
    "currencyCode": "SLL",
    "population": 5245695,
    "capital": "Freetown",
    "continentName": "Africa",
    "continent": "AF",
    "areaInSqKm": 71740,
    "languages": "en-SL,men,tem",
    "geonameId": "2403846"
  },
  {
    "countryCode": "SM",
    "countryName": "San Marino",
    "currencyCode": "EUR",
    "population": 31477,
    "capital": "San Marino",
    "continentName": "Europe",
    "continent": "EU",
    "areaInSqKm": 61.2,
    "languages": "it-SM",
    "geonameId": "3168068"
  },
  {
    "countryCode": "SN",
    "countryName": "Senegal",
    "currencyCode": "XOF",
    "population": 12323252,
    "capital": "Dakar",
    "continentName": "Africa",
    "continent": "AF",
    "areaInSqKm": 196190,
    "languages": "fr-SN,wo,fuc,mnk",
    "geonameId": "2245662"
  },
  {
    "countryCode": "SO",
    "countryName": "Somalia",
    "currencyCode": "SOS",
    "population": 10112453,
    "capital": "Mogadishu",
    "continentName": "Africa",
    "continent": "AF",
    "areaInSqKm": 637657,
    "languages": "so-SO,ar-SO,it,en-SO",
    "geonameId": "51537"
  },
  {
    "countryCode": "SR",
    "countryName": "Suriname",
    "currencyCode": "SRD",
    "population": 492829,
    "capital": "Paramaribo",
    "continentName": "South America",
    "continent": "SA",
    "areaInSqKm": 163270,
    "languages": "nl-SR,en,srn,hns,jv",
    "geonameId": "3382998"
  },
  {
    "countryCode": "ST",
    "countryName": "São Tomé and Príncipe",
    "currencyCode": "STD",
    "population": 175808,
    "capital": "São Tomé",
    "continentName": "Africa",
    "continent": "AF",
    "areaInSqKm": 1001,
    "languages": "pt-ST",
    "geonameId": "2410758"
  },
  {
    "countryCode": "SV",
    "countryName": "El Salvador",
    "currencyCode": "USD",
    "population": 6052064,
    "capital": "San Salvador",
    "continentName": "North America",
    "continent": "NA",
    "areaInSqKm": 21040,
    "languages": "es-SV",
    "geonameId": "3585968"
  },
  {
    "countryCode": "SY",
    "countryName": "Syria",
    "currencyCode": "SYP",
    "population": 22198110,
    "capital": "Damascus",
    "continentName": "Asia",
    "continent": "AS",
    "areaInSqKm": 185180,
    "languages": "ar-SY,ku,hy,arc,fr,en",
    "geonameId": "163843"
  },
  {
    "countryCode": "SZ",
    "countryName": "Swaziland",
    "currencyCode": "SZL",
    "population": 1354051,
    "capital": "Mbabane",
    "continentName": "Africa",
    "continent": "AF",
    "areaInSqKm": 17363,
    "languages": "en-SZ,ss-SZ",
    "geonameId": "934841"
  },
  {
    "countryCode": "TD",
    "countryName": "Chad",
    "currencyCode": "XAF",
    "population": 10543464,
    "capital": "N'Djamena",
    "continentName": "Africa",
    "continent": "AF",
    "areaInSqKm": 1284000,
    "languages": "fr-TD,ar-TD,sre",
    "geonameId": "2434508"
  },
  {
    "countryCode": "TG",
    "countryName": "Togo",
    "currencyCode": "XOF",
    "population": 6587239,
    "capital": "Lomé",
    "continentName": "Africa",
    "continent": "AF",
    "areaInSqKm": 56785,
    "languages": "fr-TG,ee,hna,kbp,dag,ha",
    "geonameId": "2363686"
  },
  {
    "countryCode": "TH",
    "countryName": "Thailand",
    "currencyCode": "THB",
    "population": 67089500,
    "capital": "Bangkok",
    "continentName": "Asia",
    "continent": "AS",
    "areaInSqKm": 514000,
    "languages": "th,en",
    "geonameId": "1605651"
  },
  {
    "countryCode": "TJ",
    "countryName": "Tajikistan",
    "currencyCode": "TJS",
    "population": 7487489,
    "capital": "Dushanbe",
    "continentName": "Asia",
    "continent": "AS",
    "areaInSqKm": 143100,
    "languages": "tg,ru",
    "geonameId": "1220409"
  },
  {
    "countryCode": "TL",
    "countryName": "East Timor",
    "currencyCode": "USD",
    "population": 1154625,
    "capital": "Dili",
    "continentName": "Oceania",
    "continent": "OC",
    "areaInSqKm": 15007,
    "languages": "tet,pt-TL,id,en",
    "geonameId": "1966436"
  },
  {
    "countryCode": "TM",
    "countryName": "Turkmenistan",
    "currencyCode": "TMT",
    "population": 4940916,
    "capital": "Ashgabat",
    "continentName": "Asia",
    "continent": "AS",
    "areaInSqKm": 488100,
    "languages": "tk,ru,uz",
    "geonameId": "1218197"
  },
  {
    "countryCode": "TN",
    "countryName": "Tunisia",
    "currencyCode": "TND",
    "population": 10589025,
    "capital": "Tunis",
    "continentName": "Africa",
    "continent": "AF",
    "areaInSqKm": 163610,
    "languages": "ar-TN,fr",
    "geonameId": "2464461"
  },
  {
    "countryCode": "TO",
    "countryName": "Tonga",
    "currencyCode": "TOP",
    "population": 122580,
    "capital": "Nuku'alofa",
    "continentName": "Oceania",
    "continent": "OC",
    "areaInSqKm": 748,
    "languages": "to,en-TO",
    "geonameId": "4032283"
  },
  {
    "countryCode": "TR",
    "countryName": "Turkey",
    "currencyCode": "TRY",
    "population": 77804122,
    "capital": "Ankara",
    "continentName": "Asia",
    "continent": "AS",
    "areaInSqKm": 780580,
    "languages": "tr-TR,ku,diq,az,av",
    "geonameId": "298795"
  },
  {
    "countryCode": "TT",
    "countryName": "Trinidad and Tobago",
    "currencyCode": "TTD",
    "population": 1228691,
    "capital": "Port of Spain",
    "continentName": "North America",
    "continent": "NA",
    "areaInSqKm": 5128,
    "languages": "en-TT,hns,fr,es,zh",
    "geonameId": "3573591"
  },
  {
    "countryCode": "TV",
    "countryName": "Tuvalu",
    "currencyCode": "AUD",
    "population": 10472,
    "capital": "Funafuti",
    "continentName": "Oceania",
    "continent": "OC",
    "areaInSqKm": 26,
    "languages": "tvl,en,sm,gil",
    "geonameId": "2110297"
  },
  {
    "countryCode": "TW",
    "countryName": "Taiwan",
    "currencyCode": "TWD",
    "population": 22894384,
    "capital": "Taipei",
    "continentName": "Asia",
    "continent": "AS",
    "areaInSqKm": 35980,
    "languages": "zh-TW,zh,nan,hak",
    "geonameId": "1668284"
  },
  {
    "countryCode": "TZ",
    "countryName": "Tanzania",
    "currencyCode": "TZS",
    "population": 41892895,
    "capital": "Dodoma",
    "continentName": "Africa",
    "continent": "AF",
    "areaInSqKm": 945087,
    "languages": "sw-TZ,en,ar",
    "geonameId": "149590"
  },
  {
    "countryCode": "UA",
    "countryName": "Ukraine",
    "currencyCode": "UAH",
    "population": 45415596,
    "capital": "Kyiv",
    "continentName": "Europe",
    "continent": "EU",
    "areaInSqKm": 603700,
    "languages": "uk,ru-UA,rom,pl,hu",
    "geonameId": "690791"
  },
  {
    "countryCode": "UG",
    "countryName": "Uganda",
    "currencyCode": "UGX",
    "population": 33398682,
    "capital": "Kampala",
    "continentName": "Africa",
    "continent": "AF",
    "areaInSqKm": 236040,
    "languages": "en-UG,lg,sw,ar",
    "geonameId": "226074"
  },
  {
    "countryCode": "US",
    "countryName": "United States",
    "currencyCode": "USD",
    "population": 310232863,
    "capital": "Washington",
    "continentName": "North America",
    "continent": "NA",
    "areaInSqKm": 9629091,
    "languages": "en-US,es-US,haw,fr",
    "geonameId": "6252001"
  },
  {
    "countryCode": "UY",
    "countryName": "Uruguay",
    "currencyCode": "UYU",
    "population": 3477000,
    "capital": "Montevideo",
    "continentName": "South America",
    "continent": "SA",
    "areaInSqKm": 176220,
    "languages": "es-UY",
    "geonameId": "3439705"
  },
  {
    "countryCode": "UZ",
    "countryName": "Uzbekistan",
    "currencyCode": "UZS",
    "population": 27865738,
    "capital": "Tashkent",
    "continentName": "Asia",
    "continent": "AS",
    "areaInSqKm": 447400,
    "languages": "uz,ru,tg",
    "geonameId": "1512440"
  },
  {
    "countryCode": "VA",
    "countryName": "Vatican City",
    "currencyCode": "EUR",
    "population": 921,
    "capital": "Vatican",
    "continentName": "Europe",
    "continent": "EU",
    "areaInSqKm": 0.44,
    "languages": "la,it,fr",
    "geonameId": "3164670"
  },
  {
    "countryCode": "VC",
    "countryName": "Saint Vincent and the Grenadines",
    "currencyCode": "XCD",
    "population": 104217,
    "capital": "Kingstown",
    "continentName": "North America",
    "continent": "NA",
    "areaInSqKm": 389,
    "languages": "en-VC,fr",
    "geonameId": "3577815"
  },
  {
    "countryCode": "VE",
    "countryName": "Venezuela",
    "currencyCode": "VEF",
    "population": 27223228,
    "capital": "Caracas",
    "continentName": "South America",
    "continent": "SA",
    "areaInSqKm": 912050,
    "languages": "es-VE",
    "geonameId": "3625428"
  },
  {
    "countryCode": "VN",
    "countryName": "Vietnam",
    "currencyCode": "VND",
    "population": 89571130,
    "capital": "Hanoi",
    "continentName": "Asia",
    "continent": "AS",
    "areaInSqKm": 329560,
    "languages": "vi,en,fr,zh,km",
    "geonameId": "1562822"
  },
  {
    "countryCode": "VU",
    "countryName": "Vanuatu",
    "currencyCode": "VUV",
    "population": 221552,
    "capital": "Port Vila",
    "continentName": "Oceania",
    "continent": "OC",
    "areaInSqKm": 12200,
    "languages": "bi,en-VU,fr-VU",
    "geonameId": "2134431"
  },
  {
    "countryCode": "WS",
    "countryName": "Samoa",
    "currencyCode": "WST",
    "population": 192001,
    "capital": "Apia",
    "continentName": "Oceania",
    "continent": "OC",
    "areaInSqKm": 2944,
    "languages": "sm,en-WS",
    "geonameId": "4034894"
  },
  {
    "countryCode": "YE",
    "countryName": "Yemen",
    "currencyCode": "YER",
    "population": 23495361,
    "capital": "Sanaa",
    "continentName": "Asia",
    "continent": "AS",
    "areaInSqKm": 527970,
    "languages": "ar-YE",
    "geonameId": "69543"
  },
  {
    "countryCode": "ZA",
    "countryName": "South Africa",
    "currencyCode": "ZAR",
    "population": 49000000,
    "capital": "Pretoria",
    "continentName": "Africa",
    "continent": "AF",
    "areaInSqKm": 1219912,
    "languages": "zu,xh,af,nso,en-ZA,tn,st,ts,ss,ve,nr",
    "geonameId": "953987"
  },
  {
    "countryCode": "ZM",
    "countryName": "Zambia",
    "currencyCode": "ZMW",
    "population": 13460305,
    "capital": "Lusaka",
    "continentName": "Africa",
    "continent": "AF",
    "areaInSqKm": 752614,
    "languages": "en-ZM,bem,loz,lun,lue,ny,toi",
    "geonameId": "895949"
  },
  {
    "countryCode": "ZW",
    "countryName": "Zimbabwe",
    "currencyCode": "ZWL",
    "population": 11651858,
    "capital": "Harare",
    "continentName": "Africa",
    "continent": "AF",
    "areaInSqKm": 390580,
    "languages": "en-ZW,sn,nr,nd",
    "geonameId": "878675"
  }
]
